id,name,parent_uuid,tag,uuid
2,Changamwe,4da51ea4-d32c-4ac6-822a-ff2bdc1a79cd,Sub County,a9437d37-1e68-44f1-9794-db53752337de
3,Airport,a9437d37-1e68-44f1-9794-db53752337de,Ward,ea01b93e-8469-4279-8867-910fc9f29986
15,Chaani,a9437d37-1e68-44f1-9794-db53752337de,Ward,2d5dbb9f-5c41-4c41-b8ec-f57dc10741d2
29,Changamwe ward,a9437d37-1e68-44f1-9794-db53752337de,Ward,d1a77227-6735-47a5-bf58-38a817e1c42c
39,Kipevu,a9437d37-1e68-44f1-9794-db53752337de,Ward,6f060ca2-9207-47a6-a8c9-ac055ea0cc44
43,Port Reitz,a9437d37-1e68-44f1-9794-db53752337de,Ward,933ec7b3-a94c-4a1b-bc6f-f1436eb5bbe5
49,Jomvu,4da51ea4-d32c-4ac6-822a-ff2bdc1a79cd,Sub County,49197f2f-7bfb-4429-9d4e-dd9f4d187622
50,Jomvu Kuu,49197f2f-7bfb-4429-9d4e-dd9f4d187622,Ward,b70eab36-406d-4ba9-8832-a855667360fd
604,SIDINDI,7ad130e8-2dd3-410f-9fde-475c85051e09,Ward,e510f444-f9a9-450d-bb62-ae19ab4200f1
57,Mikindani,49197f2f-7bfb-4429-9d4e-dd9f4d187622,Ward,c11bbc0b-dc25-4b07-b496-9806ab7b2ce6
70,Miritini,49197f2f-7bfb-4429-9d4e-dd9f4d187622,Ward,83142b4b-8c07-45e0-b76d-df31326659f8
82,Kisauni,4da51ea4-d32c-4ac6-822a-ff2bdc1a79cd,Sub County,fdf64f57-497f-40fc-8767-ab9dacaf2440
83,Bamburi,fdf64f57-497f-40fc-8767-ab9dacaf2440,Ward,ee26326e-83b7-4317-a5c2-54d7d72ab183
91,Junda,fdf64f57-497f-40fc-8767-ab9dacaf2440,Ward,23c1df56-d600-46b2-8262-bb937be34488
99,Magogoni,fdf64f57-497f-40fc-8767-ab9dacaf2440,Ward,00adddd4-429a-4290-96c4-1cece6ab8963
106,Mjambere,fdf64f57-497f-40fc-8767-ab9dacaf2440,Ward,1c2f879f-02ba-4040-87a3-011ba717357b
114,Mtopanga,fdf64f57-497f-40fc-8767-ab9dacaf2440,Ward,95fa770a-5994-425f-95b9-3ee64ed5057e
126,Mwakirunge,fdf64f57-497f-40fc-8767-ab9dacaf2440,Ward,bf79f195-ef69-4273-8de6-2274567b951d
130,Shanzu,fdf64f57-497f-40fc-8767-ab9dacaf2440,Ward,c762c2c8-7c8c-47ac-9668-3734d2a2740a
152,Likoni,4da51ea4-d32c-4ac6-822a-ff2bdc1a79cd,Sub County,2be4f966-d533-4469-9e31-879782320caf
153,Bofu,2be4f966-d533-4469-9e31-879782320caf,Ward,92ad7e80-6e13-4ea5-a29b-8d525a0660b5
160,Likoni ward,2be4f966-d533-4469-9e31-879782320caf,Ward,add09ee8-7aba-4d13-8474-fda7d985d8e2
163,Mtongwe,2be4f966-d533-4469-9e31-879782320caf,Ward,08423984-4a23-4c4f-ab31-6a1eea79f226
171,Shika Adabu,2be4f966-d533-4469-9e31-879782320caf,Ward,ac62528f-ca51-4d29-b0f8-beaf1219d2d8
177,Timbwani,2be4f966-d533-4469-9e31-879782320caf,Ward,aa15f413-fac8-4d3c-ac97-4bd1ff45f67a
208,Mvita,4da51ea4-d32c-4ac6-822a-ff2bdc1a79cd,Sub County,141d1ecb-0761-4a2e-94a5-f83f7c518703
209,Majengo,141d1ecb-0761-4a2e-94a5-f83f7c518703,Ward,1b805618-7979-44a0-bc58-a0998776b122
661,Idakho Central,f387c782-9c45-4e28-ae5b-93a668f33678,Ward,86e335f4-da41-419d-b4ce-ddfb598400b0
227,Mji Wa Kale/Makadara,141d1ecb-0761-4a2e-94a5-f83f7c518703,Ward,58f46283-6011-4bf1-b7c4-95e96cc10d5d
247,Shimanzi/Ganjoni,141d1ecb-0761-4a2e-94a5-f83f7c518703,Ward,5422a390-5675-453d-a3b9-e6e9932f6abb
273,Tononoka,141d1ecb-0761-4a2e-94a5-f83f7c518703,Ward,d0f03211-93ce-4d51-8cbf-fca5f3146fdd
292,Tudor,141d1ecb-0761-4a2e-94a5-f83f7c518703,Ward,78ff76b9-c815-44e0-ad1c-a49eac4d0726
301,Nyali,4da51ea4-d32c-4ac6-822a-ff2bdc1a79cd,Sub County,e9e298fb-581a-498d-80cf-b9ca9d5a5cf6
302,Frere Town,e9e298fb-581a-498d-80cf-b9ca9d5a5cf6,Ward,71e8b976-7cde-44a6-b36c-d6c9d674bbb5
313,Kadzandani,e9e298fb-581a-498d-80cf-b9ca9d5a5cf6,Ward,ee029067-8aac-4209-b5ce-a0f8043e6e3d
327,Kongowea,e9e298fb-581a-498d-80cf-b9ca9d5a5cf6,Ward,a7f29c51-c608-4ca7-8e25-cce9c8058a0e
337,Mkomani,e9e298fb-581a-498d-80cf-b9ca9d5a5cf6,Ward,3cead8d7-eadf-4264-b68a-4797a9378453
343,Ziwa La Ng'ombe,e9e298fb-581a-498d-80cf-b9ca9d5a5cf6,Ward,88f7e0c8-8a0b-4a42-83f4-3c461fe5727f
357,ALEGO USONGA,b39b89b4-45e1-404c-8030-e2a401fe7f0d,Sub County,3f024dfe-686f-4f0d-97c6-e3220330322e
358,CENTRAL ALEGO,3f024dfe-686f-4f0d-97c6-e3220330322e,Ward,79a7cc4d-62d8-44ae-ab5f-41706223638c
367,NORTH ALEGO,3f024dfe-686f-4f0d-97c6-e3220330322e,Ward,8830fa79-f4a4-4ff0-846f-4966f14ea4e1
374,SIAYA TOWNSHIP,3f024dfe-686f-4f0d-97c6-e3220330322e,Ward,c1fbc799-dc04-45b6-bd66-7c68f1786460
356,SIAYA,,County,b39b89b4-45e1-404c-8030-e2a401fe7f0d
393,SOUTH EAST ALEGO,3f024dfe-686f-4f0d-97c6-e3220330322e,Ward,3f0f0449-3ae2-4759-b3c3-eabcbd526ba0
406,USONGA,3f024dfe-686f-4f0d-97c6-e3220330322e,Ward,56f4fee9-16b6-4717-a242-dd194b0f2ef2
413,WEST ALEGO,3f024dfe-686f-4f0d-97c6-e3220330322e,Ward,fc170536-3880-4275-859c-4d29c5dacd07
419,BONDO,b39b89b4-45e1-404c-8030-e2a401fe7f0d,Sub County,64c44de4-6863-4b66-be56-16c45cdc967e
420,CENTRAL SAKWA,64c44de4-6863-4b66-be56-16c45cdc967e,Ward,b67acd32-caae-4f9a-a168-bce6f08c15f2
429,NORTH SAKWA,64c44de4-6863-4b66-be56-16c45cdc967e,Ward,e1fe41e6-afd2-49ab-9de8-23d4c5643da5
443,SOUTH SAKWA,64c44de4-6863-4b66-be56-16c45cdc967e,Ward,45110d11-9381-4da8-bfe6-8c1a8d71a4d5
451,WEST SAKWA,64c44de4-6863-4b66-be56-16c45cdc967e,Ward,fd074835-1ae6-4699-b6bc-4dd0689de143
462,WEST YIMBO,64c44de4-6863-4b66-be56-16c45cdc967e,Ward,72ff5307-84a9-4be0-8206-9e9e2b31a40c
469,YIMBO EAST,64c44de4-6863-4b66-be56-16c45cdc967e,Ward,bdbbfcc3-2d67-4e2e-b417-4c16306237b9
477,GEM,b39b89b4-45e1-404c-8030-e2a401fe7f0d,Sub County,ccc73824-e545-4563-b05a-bd08eba22cf8
478,CENTRAL GEM,ccc73824-e545-4563-b05a-bd08eba22cf8,Ward,438c46da-4175-4758-95e7-608ee100bb3f
483,EAST GEM,ccc73824-e545-4563-b05a-bd08eba22cf8,Ward,178a95f1-6642-4a80-b7f4-bc1b4b8eb96e
500,NORTH GEM,ccc73824-e545-4563-b05a-bd08eba22cf8,Ward,75ad55c8-0dd6-4a48-a76e-094bfd73ef79
511,SOUTH GEM,ccc73824-e545-4563-b05a-bd08eba22cf8,Ward,6702b573-2d1a-4c25-b19e-4d889786d399
522,WEST GEM,ccc73824-e545-4563-b05a-bd08eba22cf8,Ward,402cfe60-9ee9-48a5-b48a-1919f36f783e
532,YALA TOWNSHIP,ccc73824-e545-4563-b05a-bd08eba22cf8,Ward,770b0365-4223-40df-8672-b126b48bac3f
537,RARIEDA,b39b89b4-45e1-404c-8030-e2a401fe7f0d,Sub County,610caa4c-356a-4437-a077-833978a6ffb7
538,EAST ASEMBO,610caa4c-356a-4437-a077-833978a6ffb7,Ward,ed3a9b16-39b8-4b9a-96c6-1ceefe808bb8
546,NORTH UYOMA,610caa4c-356a-4437-a077-833978a6ffb7,Ward,f8c76737-ae21-4761-85e5-7635819cee4c
1552,Runyenjes,a888a0eb-2d1e-496f-962b-d81e205471e2,Sub County,1343c0ae-8b8f-4b6d-9065-e5a0f95aa5b1
553,SOUTH UYOMA,610caa4c-356a-4437-a077-833978a6ffb7,Ward,9f6387a0-db48-4208-97a8-2c075a23761a
557,WEST ASEMBO,610caa4c-356a-4437-a077-833978a6ffb7,Ward,6c33610c-1065-4958-803a-5512680e803f
568,WEST UYOMA,610caa4c-356a-4437-a077-833978a6ffb7,Ward,00220de4-1137-42ed-8589-105d94015db7
578,UGENYA,b39b89b4-45e1-404c-8030-e2a401fe7f0d,Sub County,f7b77015-281d-47fa-86dc-f33def1550e8
579,EAST UGENYA,f7b77015-281d-47fa-86dc-f33def1550e8,Ward,2d2bf21b-1e97-408b-b1f5-326480d10f94
587,NORTH UGENYA,f7b77015-281d-47fa-86dc-f33def1550e8,Ward,4a77e0f9-0e91-4a20-ac35-768f8c028fff
594,UKWALA,f7b77015-281d-47fa-86dc-f33def1550e8,Ward,e27e7ad5-41f1-45a9-9b8b-d9812027ef83
598,WEST UGENYA,f7b77015-281d-47fa-86dc-f33def1550e8,Ward,72a5c02c-22ce-4dfe-b135-8c0d37bf365f
603,UGUNJA,b39b89b4-45e1-404c-8030-e2a401fe7f0d,Sub County,7ad130e8-2dd3-410f-9fde-475c85051e09
610,SIGOMERE,7ad130e8-2dd3-410f-9fde-475c85051e09,Ward,402e068c-858e-472c-b981-c56a33105db7
616,UGUNJA ward,7ad130e8-2dd3-410f-9fde-475c85051e09,Ward,03df4259-6ddb-46cc-9ef2-8174494ee470
627,Butere,c92f86a2-8b5a-4f8e-a5f6-5abb0c584030,Sub County,25b0050e-a1c7-4935-badf-3a1b3f36b916
628,Marama Central,25b0050e-a1c7-4935-badf-3a1b3f36b916,Ward,7aa1651a-535a-49b2-9f2b-e70cbbe1a132
636,Marama North,25b0050e-a1c7-4935-badf-3a1b3f36b916,Ward,12a46b51-5004-49d7-81df-8978f9bea591
641,Marama South,25b0050e-a1c7-4935-badf-3a1b3f36b916,Ward,6819de93-8d43-4778-b1ed-cd853e1850b8
644,Marama West,25b0050e-a1c7-4935-badf-3a1b3f36b916,Ward,a39137be-d7cd-488c-8dae-bdbcb1d47879
657,Marenyo-shianda,25b0050e-a1c7-4935-badf-3a1b3f36b916,Ward,1b4d45dc-d9a4-4dfe-a0e6-ad5f801eb7ea
660,Ikolomani,c92f86a2-8b5a-4f8e-a5f6-5abb0c584030,Sub County,f387c782-9c45-4e28-ae5b-93a668f33678
674,Idakho East,f387c782-9c45-4e28-ae5b-93a668f33678,Ward,178175af-933b-4dca-b6c0-24a8138822ff
678,Idakho North,f387c782-9c45-4e28-ae5b-93a668f33678,Ward,08095a2a-e162-4549-b53a-40eb44864079
686,Idakho South,f387c782-9c45-4e28-ae5b-93a668f33678,Ward,7a6dfcea-f0b3-45ab-8ab7-ba7598b5f3e7
692,Khwisero,c92f86a2-8b5a-4f8e-a5f6-5abb0c584030,Sub County,cb98f41b-19bc-4b21-95b9-41b8b671ba65
693,Kisa Central,cb98f41b-19bc-4b21-95b9-41b8b671ba65,Ward,5a6962cc-5fec-4b88-a03c-028b0992895e
707,Kisa East,cb98f41b-19bc-4b21-95b9-41b8b671ba65,Ward,1acbf53a-24ce-4bb3-90d6-b849002c563b
714,Kisa North,cb98f41b-19bc-4b21-95b9-41b8b671ba65,Ward,b600e34a-eb6f-4ea4-892c-eacbed57f8a0
720,Kisa West,cb98f41b-19bc-4b21-95b9-41b8b671ba65,Ward,4c95e87b-02f9-414f-b074-1b5d2a599936
725,Likuyani,c92f86a2-8b5a-4f8e-a5f6-5abb0c584030,Sub County,5e1ad885-15f7-4ba0-afa3-39e927f0e15b
726,Kongoni,5e1ad885-15f7-4ba0-afa3-39e927f0e15b,Ward,abe4f941-5578-4653-b081-4fe7d5776dc2
729,Likuyani ward,5e1ad885-15f7-4ba0-afa3-39e927f0e15b,Ward,af12ce5c-9939-4ec4-9b1d-593befed576d
738,Nzoia,5e1ad885-15f7-4ba0-afa3-39e927f0e15b,Ward,be56c1ff-63ee-4599-8884-ce83b17b0720
752,Sango,5e1ad885-15f7-4ba0-afa3-39e927f0e15b,Ward,3b855f83-1d09-4bf0-b8cc-e00cd2cf376c
755,Sinoko,5e1ad885-15f7-4ba0-afa3-39e927f0e15b,Ward,bf96507c-be15-427c-9305-11ccb6e75ede
760,Lugari,c92f86a2-8b5a-4f8e-a5f6-5abb0c584030,Sub County,cbf6761c-b9d8-4ceb-a2b9-deb67c51e58e
761,Chekalini,cbf6761c-b9d8-4ceb-a2b9-deb67c51e58e,Ward,278d1b02-bd9f-45ea-8e9a-8b04eaf4df93
771,Chevaywa,cbf6761c-b9d8-4ceb-a2b9-deb67c51e58e,Ward,02176cfb-6b6b-4a96-b398-b7ce031a21be
775,Lugari ward,cbf6761c-b9d8-4ceb-a2b9-deb67c51e58e,Ward,bff5644f-9a48-4441-bf36-ffa01d89b9b3
779,Lumakanda,cbf6761c-b9d8-4ceb-a2b9-deb67c51e58e,Ward,a6bebcc1-957c-4b03-940b-eb4b709ac4df
786,Lwandeti,cbf6761c-b9d8-4ceb-a2b9-deb67c51e58e,Ward,75b0dee6-c32e-41eb-a4ea-cc046ff321bb
792,Mautuma,cbf6761c-b9d8-4ceb-a2b9-deb67c51e58e,Ward,e94f1ecb-1ca1-45bc-9aa0-69179b1a3770
798,Lurambi,c92f86a2-8b5a-4f8e-a5f6-5abb0c584030,Sub County,fb278b60-3a78-4c4c-9f3d-3cba780c9a3c
799,Butsotso Central,fb278b60-3a78-4c4c-9f3d-3cba780c9a3c,Ward,50927433-0fa2-4108-b0c9-075d02cc8a91
804,Butsotso East,fb278b60-3a78-4c4c-9f3d-3cba780c9a3c,Ward,383f5347-a912-41fd-a74c-de5937ae14b2
808,Butsotso South,fb278b60-3a78-4c4c-9f3d-3cba780c9a3c,Ward,38af62d0-0a16-450f-9cc0-58b7b6b05321
814,Mahiakalo,fb278b60-3a78-4c4c-9f3d-3cba780c9a3c,Ward,fb78772f-b6a7-413b-bebd-fa0d8d76ffe2
824,Sheywe,fb278b60-3a78-4c4c-9f3d-3cba780c9a3c,Ward,54392af2-257d-43b5-8f91-508e9673e371
835,Shirere,fb278b60-3a78-4c4c-9f3d-3cba780c9a3c,Ward,0dede545-7a96-4c3a-962f-74eb2a73eb8d
851,Malava,c92f86a2-8b5a-4f8e-a5f6-5abb0c584030,Sub County,7cfba348-66e3-4a54-acb5-49407fabf957
852,Butali/Chegulo,7cfba348-66e3-4a54-acb5-49407fabf957,Ward,6b85d208-2935-44e3-9d51-d48cbd9610f4
856,Chemuche,7cfba348-66e3-4a54-acb5-49407fabf957,Ward,0b6258c8-0afd-45c0-8d1b-fb3fe1380b85
860,East Kabras,7cfba348-66e3-4a54-acb5-49407fabf957,Ward,b36b4ab8-83f7-465a-8ebe-4e8d528400da
863,Manda-shivanga,7cfba348-66e3-4a54-acb5-49407fabf957,Ward,3607f7c5-7263-42fb-9420-df0e52330802
870,Shirungu-mugai,7cfba348-66e3-4a54-acb5-49407fabf957,Ward,062e4951-62da-483c-ac2b-a9c3ff1d689b
877,South Kabras,7cfba348-66e3-4a54-acb5-49407fabf957,Ward,c434c2f4-a2a2-4500-9d7d-813e98d362e1
887,West Kabras,7cfba348-66e3-4a54-acb5-49407fabf957,Ward,ab2e9fea-84c5-4f4e-9156-6608788d9f0a
891,Matungu,c92f86a2-8b5a-4f8e-a5f6-5abb0c584030,Sub County,684d3f31-5dab-4c4c-8c8d-b28e9df042aa
892,Khalaba,684d3f31-5dab-4c4c-8c8d-b28e9df042aa,Ward,dd04e49d-b47e-43f6-905c-1cdf66d190fe
895,Kholera,684d3f31-5dab-4c4c-8c8d-b28e9df042aa,Ward,6148cadb-ad3f-43ee-81f7-bcf872842305
901,Koyonzo,684d3f31-5dab-4c4c-8c8d-b28e9df042aa,Ward,b0a66252-e07e-488c-81d4-45e6337471d1
912,Mayoni,684d3f31-5dab-4c4c-8c8d-b28e9df042aa,Ward,a8745216-7b8a-4fe4-a64f-5af470b42dee
917,Namamali,684d3f31-5dab-4c4c-8c8d-b28e9df042aa,Ward,360159e0-c190-4960-98be-340dc6404d5f
921,Mumias East,c92f86a2-8b5a-4f8e-a5f6-5abb0c584030,Sub County,632f2dc4-8745-43de-97dd-e2edc4d6ab96
922,East Wanga,632f2dc4-8745-43de-97dd-e2edc4d6ab96,Ward,ae5e2992-4bf5-4a51-b26c-8b10ee6152ba
930,Lusheya/Lubinu,632f2dc4-8745-43de-97dd-e2edc4d6ab96,Ward,42a91d3f-1da7-45ab-aa6f-a7eb58ce5122
1553,Central Ward,1343c0ae-8b8f-4b6d-9065-e5a0f95aa5b1,Ward,5923c9a7-ca0a-4338-b2a6-fec25187d7a4
939,Malaha/Isongo/Makunga,632f2dc4-8745-43de-97dd-e2edc4d6ab96,Ward,e736dc1f-6e11-4201-baaa-7d5b06a2a907
944,Mumias West,c92f86a2-8b5a-4f8e-a5f6-5abb0c584030,Sub County,c64a13e0-81d4-45e9-b510-81aad100b544
945,Etenje,c64a13e0-81d4-45e9-b510-81aad100b544,Ward,5cbfd519-ca3e-4c0b-8d82-7b3faf9fe680
952,Mumias Central,c64a13e0-81d4-45e9-b510-81aad100b544,Ward,702378f5-1f6b-4e52-a7c7-313a82684c40
964,Mumias North,c64a13e0-81d4-45e9-b510-81aad100b544,Ward,d1a8aa02-b164-4e53-8f54-496fef19bff6
969,Musanda,c64a13e0-81d4-45e9-b510-81aad100b544,Ward,e947f1f1-3776-4519-bdbb-c4a3ec6241c6
974,Navakholo,c92f86a2-8b5a-4f8e-a5f6-5abb0c584030,Sub County,ac8df608-df8f-40a1-b016-d763427b5dcd
975,Bunyala Central,ac8df608-df8f-40a1-b016-d763427b5dcd,Ward,61a23504-0ec0-40fe-80d1-0e45c91d9a5d
980,Bunyala East,ac8df608-df8f-40a1-b016-d763427b5dcd,Ward,1033ab85-371d-4f16-8b98-54602534c744
986,Bunyala West,ac8df608-df8f-40a1-b016-d763427b5dcd,Ward,607021d6-5b28-4cbb-b9ae-c43545a65e0b
992,Ingoste-matiha,ac8df608-df8f-40a1-b016-d763427b5dcd,Ward,4de1f51f-df7f-4dac-9028-0377c590ab47
996,Shinoyi-shikomari-esumeiya,ac8df608-df8f-40a1-b016-d763427b5dcd,Ward,01e5605f-1978-4d7d-a366-124a392f2300
999,Shinyalu,c92f86a2-8b5a-4f8e-a5f6-5abb0c584030,Sub County,8269afd0-8946-4521-9216-8ba247ffad56
1000,Isukha Central,8269afd0-8946-4521-9216-8ba247ffad56,Ward,619578c5-5d04-4bb1-9c35-5d43cc3407ea
1008,Isukha East,8269afd0-8946-4521-9216-8ba247ffad56,Ward,9386c2bd-5afa-4432-a462-3e8c262529b7
1012,Isukha North,8269afd0-8946-4521-9216-8ba247ffad56,Ward,78529784-1b42-404a-b968-1dfa529f2bb5
1019,Isukha South,8269afd0-8946-4521-9216-8ba247ffad56,Ward,e81987f6-b671-4bbe-a0e8-5647b1553e1e
1028,Isukha West,8269afd0-8946-4521-9216-8ba247ffad56,Ward,4d937ce3-301d-4b8f-a3c9-968fb86b8ae7
1032,Murhanda,8269afd0-8946-4521-9216-8ba247ffad56,Ward,c1e5e757-1bda-4963-8c0f-1b9a3616af56
1038,Baringo Central,c20a531a-e8de-4db0-86f8-aa1c06f2c129,Sub County,46868478-587b-4ef1-a631-dd99918f30f3
1039,Ewalel/Chapchap,46868478-587b-4ef1-a631-dd99918f30f3,Ward,830fb2d8-1079-4c63-a4a3-5d78e482301b
1047,Kabarnet,46868478-587b-4ef1-a631-dd99918f30f3,Ward,e81be05d-f8a0-4cbc-9fb2-e5f84ca56599
1069,Kapropita,46868478-587b-4ef1-a631-dd99918f30f3,Ward,28a6196f-6c3a-4584-a989-cac87d7d5ce7
1077,Sacho,46868478-587b-4ef1-a631-dd99918f30f3,Ward,f1bcf5dc-a326-4e91-adb8-9673af2a9543
1083,Tenges,46868478-587b-4ef1-a631-dd99918f30f3,Ward,a2a9a5d5-9221-4cc8-9950-7b1ebd45c04b
1091,Baringo North,c20a531a-e8de-4db0-86f8-aa1c06f2c129,Sub County,dbcebe29-0ecb-4081-a592-5016f6265e55
1092,Bartabwa,dbcebe29-0ecb-4081-a592-5016f6265e55,Ward,4a68b9d2-bf09-45f9-83c1-a0100146d716
1102,Barwessa,dbcebe29-0ecb-4081-a592-5016f6265e55,Ward,df2178b4-c53a-45c8-be7d-79c78befd7b2
1116,Kabartonjo,dbcebe29-0ecb-4081-a592-5016f6265e55,Ward,997c0fee-8563-42a7-a7a0-059825cd795b
1130,Saimo/Soi,dbcebe29-0ecb-4081-a592-5016f6265e55,Ward,8f9d887f-560e-40a1-b5d2-45ecc5260540
1140,Saimoi/Kipsaraman,dbcebe29-0ecb-4081-a592-5016f6265e55,Ward,5e4a0b8f-ba73-471c-a0db-0c991f170359
1155,Baringo South,c20a531a-e8de-4db0-86f8-aa1c06f2c129,Sub County,71300a41-f2b2-4372-abed-496beaec4084
1156,Iichamus,71300a41-f2b2-4372-abed-496beaec4084,Ward,b80dd27e-8d87-4b80-8a36-d25ea01d40f4
1166,Marigat,71300a41-f2b2-4372-abed-496beaec4084,Ward,1f3595b2-e46a-4814-89b0-fccd6defe44f
1189,Mochongoi,71300a41-f2b2-4372-abed-496beaec4084,Ward,dcf4b299-378a-422c-8d26-5b799c176615
1202,Mukutani,71300a41-f2b2-4372-abed-496beaec4084,Ward,7439ea0a-f2a3-4378-9b97-94b97e584e93
1207,Eldama Ravine,c20a531a-e8de-4db0-86f8-aa1c06f2c129,Sub County,b441cfd0-508a-405c-b56f-eed455d4becd
1208,Koibatek,b441cfd0-508a-405c-b56f-eed455d4becd,Ward,501a2abd-7e09-4834-9218-6269a141426c
1216,Lembus,b441cfd0-508a-405c-b56f-eed455d4becd,Ward,9787210b-72af-420d-b73c-bbf583419423
1223,Lembus Kwen,b441cfd0-508a-405c-b56f-eed455d4becd,Ward,b4346b1e-a08c-47f2-9967-19f186fdf50b
1230,Lembus/Perkerra,b441cfd0-508a-405c-b56f-eed455d4becd,Ward,1e7b3c90-cef8-4159-812c-1891e3788cdf
1238,Mumberes/Maji Mazuri,b441cfd0-508a-405c-b56f-eed455d4becd,Ward,2cc7b01c-f90e-4dec-91df-801e62a91204
1242,Ravine,b441cfd0-508a-405c-b56f-eed455d4becd,Ward,88531409-4d2a-49a3-9308-21df5c708d40
1255,Mogotio,c20a531a-e8de-4db0-86f8-aa1c06f2c129,Sub County,6dac5eb1-0013-418e-a06a-39f23c79ad30
1256,Emining,6dac5eb1-0013-418e-a06a-39f23c79ad30,Ward,5e1645a5-7893-45db-b062-70e9a785e6b4
1269,Kisanana,6dac5eb1-0013-418e-a06a-39f23c79ad30,Ward,1d88fbeb-323c-4ee3-9a88-d1debabb5820
1282,Mogotio ward,6dac5eb1-0013-418e-a06a-39f23c79ad30,Ward,f9f86c44-7b80-49f9-8975-766d71df8d7e
1301,Tiaty,c20a531a-e8de-4db0-86f8-aa1c06f2c129,Sub County,9c401aa0-5728-4293-9c2f-77f9082b8d94
1302,Churo/Amaya,9c401aa0-5728-4293-9c2f-77f9082b8d94,Ward,ee3df99b-a740-4786-b0c7-2769a79fe33d
1308,Kolowa,9c401aa0-5728-4293-9c2f-77f9082b8d94,Ward,8ebada3d-c391-4391-b5a2-297e47e22236
1317,Loiyamorok,9c401aa0-5728-4293-9c2f-77f9082b8d94,Ward,fccb95f6-2046-4f0e-8c4a-937cf0254568
1323,Ribkwo,9c401aa0-5728-4293-9c2f-77f9082b8d94,Ward,18933fcc-d972-454e-82f0-330943b254f5
1331,Silale,9c401aa0-5728-4293-9c2f-77f9082b8d94,Ward,b541565d-10cc-4d6d-9877-31514f7b1781
1337,Tangulbei/Korossi,9c401aa0-5728-4293-9c2f-77f9082b8d94,Ward,61b80640-3c9b-4b07-b9c0-67ada068a7bd
1347,Tirioko,9c401aa0-5728-4293-9c2f-77f9082b8d94,Ward,016a4727-8690-419b-aea2-800fc99777ea
1354,Manyatta,a888a0eb-2d1e-496f-962b-d81e205471e2,Sub County,c37d3b8d-036b-4c2c-9ab6-a11e2305bc08
1355,Gaturi North,c37d3b8d-036b-4c2c-9ab6-a11e2305bc08,Ward,4584b792-2e21-4cf7-8508-a700a7ca2e05
1364,Gaturi South,c37d3b8d-036b-4c2c-9ab6-a11e2305bc08,Ward,832c5e6a-7da4-4b01-beca-c3db8b8ed5a8
1369,Kirimari,c37d3b8d-036b-4c2c-9ab6-a11e2305bc08,Ward,f8978133-570f-4226-b5cd-6d8a65a71e8e
1353,Embu,,County,a888a0eb-2d1e-496f-962b-d81e205471e2
1408,Kithimu,c37d3b8d-036b-4c2c-9ab6-a11e2305bc08,Ward,018b3e63-f5f6-4f1f-af70-cc300302b5e8
1414,Mbeti North,c37d3b8d-036b-4c2c-9ab6-a11e2305bc08,Ward,139f7429-f1f0-4e66-b94c-8263fa9876d8
1425,Nginda,c37d3b8d-036b-4c2c-9ab6-a11e2305bc08,Ward,a1471c0a-6208-453b-bc3e-771a60bcf8fc
1441,Ruguru-ngandori,c37d3b8d-036b-4c2c-9ab6-a11e2305bc08,Ward,7b41edda-53c0-4957-bbfa-c22c0642fb09
1452,Mbeere North,a888a0eb-2d1e-496f-962b-d81e205471e2,Sub County,7cd8739b-a3f3-472b-9b01-3c4a1c691f45
1453,Evurore,7cd8739b-a3f3-472b-9b01-3c4a1c691f45,Ward,821f42ba-15c6-49a8-ae7d-831924f4372f
1471,Muminji,7cd8739b-a3f3-472b-9b01-3c4a1c691f45,Ward,c552ebcf-4fc5-43a1-8c48-2ae55076caae
1478,Nthawa,7cd8739b-a3f3-472b-9b01-3c4a1c691f45,Ward,f7f938eb-5be4-4ca8-a61f-1d0f46cdd9b0
1490,Mbeere South,a888a0eb-2d1e-496f-962b-d81e205471e2,Sub County,4d5eb9c7-f442-4927-b5a0-cd5a91217cad
1491,Kiambere,4d5eb9c7-f442-4927-b5a0-cd5a91217cad,Ward,9ddddede-33c0-4ac1-ad58-99d0a4a424c8
1610,Jarajara,74c4a544-dcf2-4a44-83ff-81610c942501,Ward,a1b33b48-9a74-4760-8a6d-1916133fe93b
1501,Makima,4d5eb9c7-f442-4927-b5a0-cd5a91217cad,Ward,abaad4df-7721-4d7a-96de-332f9df3245e
1509,Mavuria,4d5eb9c7-f442-4927-b5a0-cd5a91217cad,Ward,886a2ca5-8249-40f1-a87e-1ae2b36142f6
1522,Mbeti South,4d5eb9c7-f442-4927-b5a0-cd5a91217cad,Ward,9e5303d3-f0c8-4de4-8c5a-8f5a017e3907
1537,Mwea,4d5eb9c7-f442-4927-b5a0-cd5a91217cad,Ward,dcf997ca-b1af-434c-be4d-fba2bd09be9c
1563,Kagaari North,1343c0ae-8b8f-4b6d-9065-e5a0f95aa5b1,Ward,1f448974-caa5-4739-a217-bed4e2d21022
1572,Kagaari South,1343c0ae-8b8f-4b6d-9065-e5a0f95aa5b1,Ward,982ce78d-43e1-4e7a-b0a7-25f6e00db681
1581,Kyeni North,1343c0ae-8b8f-4b6d-9065-e5a0f95aa5b1,Ward,3a7bdf66-55c5-4d42-8cc9-2b971d7afae1
1589,Kyeni South,1343c0ae-8b8f-4b6d-9065-e5a0f95aa5b1,Ward,8645e987-f631-48a2-8307-4581557ed7c9
1597,Balambala,641c9403-002d-4619-860a-818709eff6ec,Sub County,74c4a544-dcf2-4a44-83ff-81610c942501
1598,Balambala ward,74c4a544-dcf2-4a44-83ff-81610c942501,Ward,2c710484-e3d1-4bed-a005-ae681cce85d2
1604,Danyere,74c4a544-dcf2-4a44-83ff-81610c942501,Ward,36fd90e7-aaf4-43ab-900f-51759b67cc33
1612,Saka,74c4a544-dcf2-4a44-83ff-81610c942501,Ward,65c3d139-32d4-49d0-9ce1-b1030d19d799
1616,Sankuri,74c4a544-dcf2-4a44-83ff-81610c942501,Ward,4155ddda-9167-485c-8b07-8a1c403675f8
1622,Daadab,641c9403-002d-4619-860a-818709eff6ec,Sub County,ff888559-76ac-48cc-ad95-78cf1a5847a7
1623,Abakaile,ff888559-76ac-48cc-ad95-78cf1a5847a7,Ward,0c9c2fa7-738d-47c8-8bf7-71ff3a14ec69
1628,Dadaab,ff888559-76ac-48cc-ad95-78cf1a5847a7,Ward,4e74db7a-4d7e-4414-b34c-21c07010bd86
1640,Damajale,ff888559-76ac-48cc-ad95-78cf1a5847a7,Ward,87190b7b-f3ee-4827-9234-8d2b38d2a174
1644,Dertu,ff888559-76ac-48cc-ad95-78cf1a5847a7,Ward,e5fc6670-2605-48fe-beaf-32d0848d80bb
1647,Labisgale,ff888559-76ac-48cc-ad95-78cf1a5847a7,Ward,6101054e-2a45-4896-ac01-c55e7dfc05fd
1653,Liboi,ff888559-76ac-48cc-ad95-78cf1a5847a7,Ward,1ae4520e-f7d9-4a70-87d1-248fffa84838
1657,Fafi,641c9403-002d-4619-860a-818709eff6ec,Sub County,db0d3481-9746-4d13-a598-e1bf53e9dcc2
1658,Bura,db0d3481-9746-4d13-a598-e1bf53e9dcc2,Ward,6293647f-4550-4a0b-893c-2d873efc7637
1661,Dekaharia,db0d3481-9746-4d13-a598-e1bf53e9dcc2,Ward,6e3797fc-0bac-41d9-96d6-910bcc6213a5
1664,Fafi ward,db0d3481-9746-4d13-a598-e1bf53e9dcc2,Ward,8d746342-7154-4e24-ba59-323cf97c3b6e
1671,Jarajila,db0d3481-9746-4d13-a598-e1bf53e9dcc2,Ward,5852505d-062b-4f56-9377-e270aa087b3f
1676,Nanighi,db0d3481-9746-4d13-a598-e1bf53e9dcc2,Ward,601874b8-0a4f-48d3-bca4-c060978dc177
1679,Garissa Township,641c9403-002d-4619-860a-818709eff6ec,Sub County,52635c78-c342-4c2c-b890-c7647eff76f5
1680,Galbet,52635c78-c342-4c2c-b890-c7647eff76f5,Ward,0081118d-add4-4c7e-bd7b-4f0b75bfe2db
1708,Iftin,52635c78-c342-4c2c-b890-c7647eff76f5,Ward,a4bc7ddb-6e93-4f30-b22a-e7fd67ed94a3
1742,Township,52635c78-c342-4c2c-b890-c7647eff76f5,Ward,b0034c58-f3e2-4bdf-b110-c25ba7558087
1864,Waberi,52635c78-c342-4c2c-b890-c7647eff76f5,Ward,8feeae8d-3cd6-4cab-8e56-be8d710579de
1880,Ijara,641c9403-002d-4619-860a-818709eff6ec,Sub County,ce7c96bf-458f-4d1a-a109-37355e5c75de
1881,Hulugho,ce7c96bf-458f-4d1a-a109-37355e5c75de,Ward,365149a9-860f-440b-bfac-e31d1edd838a
1886,Ijara ward,ce7c96bf-458f-4d1a-a109-37355e5c75de,Ward,967545d4-2c10-4210-b559-a47ce4ec0d78
1890,Masalani,ce7c96bf-458f-4d1a-a109-37355e5c75de,Ward,506a83a5-4e42-4078-abed-f7c200c6bcb6
1901,Sangailu,ce7c96bf-458f-4d1a-a109-37355e5c75de,Ward,2bb18830-24f2-4e1f-9252-2d35865aa8ca
1908,Lagdera,641c9403-002d-4619-860a-818709eff6ec,Sub County,88d94ab8-f786-401a-8316-5cff8e5e176e
1909,Baraki,88d94ab8-f786-401a-8316-5cff8e5e176e,Ward,36784c9a-d70e-4a8f-9a19-6670f8b0bd72
1912,Benane,88d94ab8-f786-401a-8316-5cff8e5e176e,Ward,5c051294-5649-4e27-b07b-5fa081c77970
1914,Goreale,88d94ab8-f786-401a-8316-5cff8e5e176e,Ward,abe45225-e1bc-4340-936e-805689e90332
1916,Maalamin,88d94ab8-f786-401a-8316-5cff8e5e176e,Ward,5ed11278-64a9-46a4-beb2-f5dc273269e6
1919,Modogashe,88d94ab8-f786-401a-8316-5cff8e5e176e,Ward,f83a085b-bc39-42ee-87a0-cde73fd0d85a
1926,Sabena,88d94ab8-f786-401a-8316-5cff8e5e176e,Ward,91309944-a536-46d6-9e32-1d6c55a676e4
1929,Homa Bay Town,37dec12a-d582-420a-999a-5726af5aaf3a,Sub County,1cde103d-4f4e-4044-8799-882bccd1f3f4
1930,Homa Bay Arujo,1cde103d-4f4e-4044-8799-882bccd1f3f4,Ward,024409c5-2625-48fa-89c6-4fc730aef370
1937,Homa Bay Central,1cde103d-4f4e-4044-8799-882bccd1f3f4,Ward,1aca14f9-d1d4-4bc2-a526-0535ff22780a
1965,Homa Bay East,1cde103d-4f4e-4044-8799-882bccd1f3f4,Ward,4cfd473a-2101-482c-8acb-8a0ba93271e1
1972,Homa Bay West,1cde103d-4f4e-4044-8799-882bccd1f3f4,Ward,93c19534-f8eb-488f-bf90-af9a97789ab8
1976,Kabondo Kasipul,37dec12a-d582-420a-999a-5726af5aaf3a,Sub County,a180b586-d65e-4b4a-a479-6284c987ae35
1977,Kabondo East,a180b586-d65e-4b4a-a479-6284c987ae35,Ward,84384b61-3009-4f03-b1cf-d09e47322f67
1990,Kabondo West,a180b586-d65e-4b4a-a479-6284c987ae35,Ward,59c931dd-b205-4268-ba6c-8a8f1d903538
2000,Kojwach,a180b586-d65e-4b4a-a479-6284c987ae35,Ward,f7922fa7-888b-4332-853c-a0050b6ec9b7
2011,Kokwanyo/Kakelo,a180b586-d65e-4b4a-a479-6284c987ae35,Ward,1f345f27-9928-49a5-8ac5-18daf0d00a60
2021,Karachuonyo,37dec12a-d582-420a-999a-5726af5aaf3a,Sub County,e15d4d35-e413-4cc4-bd9a-af26a107b0db
2022,Central,e15d4d35-e413-4cc4-bd9a-af26a107b0db,Ward,f24e19a1-2ff5-4972-a053-cc8e4de9fc86
2029,Kanyaluo,e15d4d35-e413-4cc4-bd9a-af26a107b0db,Ward,068363e5-0107-4723-b9cb-5f370772b26b
2036,Kendu Bay Town,e15d4d35-e413-4cc4-bd9a-af26a107b0db,Ward,f40f00d1-45c8-4c18-b5e0-222e338b33d3
2044,Kibiri,e15d4d35-e413-4cc4-bd9a-af26a107b0db,Ward,0bfaea9e-1f08-4046-ba03-bf46e9c9b517
2049,North Karachuonyo,e15d4d35-e413-4cc4-bd9a-af26a107b0db,Ward,0ca7e238-739d-4e48-93a0-0c64894eb593
2056,Wang'chieng,e15d4d35-e413-4cc4-bd9a-af26a107b0db,Ward,9ae61cb5-a2fe-4fab-b6a8-6107f8818f91
2071,West Karachuonyo,e15d4d35-e413-4cc4-bd9a-af26a107b0db,Ward,65448e5b-54d6-4533-876a-a8ee743482b5
2079,Kasipul,37dec12a-d582-420a-999a-5726af5aaf3a,Sub County,3dcd0fae-5303-4851-9596-b0c37f285b1a
2080,Central Kasipul,3dcd0fae-5303-4851-9596-b0c37f285b1a,Ward,e49081ad-c9eb-4356-ac9d-140d38e3e4d1
2087,East Kamagak,3dcd0fae-5303-4851-9596-b0c37f285b1a,Ward,ff878f38-c531-459c-bd20-6d03af897327
2095,South Kasipul,3dcd0fae-5303-4851-9596-b0c37f285b1a,Ward,6b0130a7-0cb3-4194-a8ab-a3a71a24d320
2102,West Kamagak,3dcd0fae-5303-4851-9596-b0c37f285b1a,Ward,dadb225f-b560-4ed4-ad12-753f3ae6ccd5
2114,West Kasipul,3dcd0fae-5303-4851-9596-b0c37f285b1a,Ward,d440bd86-e1f9-408b-b461-3981fb192dcb
2126,Mbita,37dec12a-d582-420a-999a-5726af5aaf3a,Sub County,8a18c3ab-7add-49c0-b448-9693e990f22f
2127,Gembe,8a18c3ab-7add-49c0-b448-9693e990f22f,Ward,3f0c0127-05b3-4fcf-9d88-5bc1048a2c5e
2135,Kasgunga,8a18c3ab-7add-49c0-b448-9693e990f22f,Ward,34936971-eb3f-4d0e-81ed-a01abf4106ef
2149,Lambwe,8a18c3ab-7add-49c0-b448-9693e990f22f,Ward,59057b2f-2f47-422e-be48-1d84febf1f75
2155,Mfangano Island,8a18c3ab-7add-49c0-b448-9693e990f22f,Ward,276ca472-e1da-4e7a-8de6-d76e025c843b
2170,Rusinga Island,8a18c3ab-7add-49c0-b448-9693e990f22f,Ward,cb07c65f-fbdc-4413-9e30-57021de1b8b1
2181,Ndhiwa,37dec12a-d582-420a-999a-5726af5aaf3a,Sub County,c4374e03-a223-4098-ae4d-499379e4e66d
2182,Kabouch North,c4374e03-a223-4098-ae4d-499379e4e66d,Ward,a7924f96-13af-4281-a56d-a443a999d1c9
2190,Kabuoch South/Pala,c4374e03-a223-4098-ae4d-499379e4e66d,Ward,779920fa-4cd9-4a06-9513-61c4db27df49
2196,Kanyadoto,c4374e03-a223-4098-ae4d-499379e4e66d,Ward,edf080e8-7f67-4bb9-8563-21048a67c55f
2199,Kanyamwa Kologi,c4374e03-a223-4098-ae4d-499379e4e66d,Ward,95aec666-bd2c-4d87-a988-61925e5f666f
2210,Kanyamwa Kosewe,c4374e03-a223-4098-ae4d-499379e4e66d,Ward,bc1fdcd6-de58-4aee-a877-67183bed2197
2230,Kanyikela,c4374e03-a223-4098-ae4d-499379e4e66d,Ward,379e8564-fb1b-4d17-9e28-f910f9ed5c83
2236,Kwabwai,c4374e03-a223-4098-ae4d-499379e4e66d,Ward,639757fb-6e70-457a-badf-9e89278a0a52
2248,Rangwe,37dec12a-d582-420a-999a-5726af5aaf3a,Sub County,4e5d2a2a-2c4d-464e-99fd-16d26c516443
2249,Kagan,4e5d2a2a-2c4d-464e-99fd-16d26c516443,Ward,12d97065-58ac-46dd-a4b9-9af4cd2e580d
2259,Kochia,4e5d2a2a-2c4d-464e-99fd-16d26c516443,Ward,5fb09f46-a236-4271-af17-cf1d513b8724
2266,Suba,37dec12a-d582-420a-999a-5726af5aaf3a,Sub County,6d87570a-19cd-49a6-ac32-998f21726e5f
2267,Gwassi North,6d87570a-19cd-49a6-ac32-998f21726e5f,Ward,3c7fb00b-8d2d-42ef-9095-7c7b6a27165b
2281,Gwassi South,6d87570a-19cd-49a6-ac32-998f21726e5f,Ward,c586e51f-e99c-40a7-99df-a6370484e5c0
2291,Kaksingiri West,6d87570a-19cd-49a6-ac32-998f21726e5f,Ward,3ff88555-1d68-478e-a60b-52857f166711
2304,Ruma-kaksingiri East,6d87570a-19cd-49a6-ac32-998f21726e5f,Ward,bc2d11b4-7e55-4d8b-a576-89df7d810ffb
2311,Isiolo North,1615de97-79e1-48f0-a981-66a15c0efe8c,Sub County,65f41f27-099d-444f-892b-7b1bab24166e
2312,Bulla Pesa,65f41f27-099d-444f-892b-7b1bab24166e,Ward,212d0645-67a8-471f-85a1-49d25b5c2217
2324,Burat,65f41f27-099d-444f-892b-7b1bab24166e,Ward,1e1a45b9-f12a-4fd6-aa56-655c8be6cad5
2716,Ting'ang'a,17ec7094-39a1-47d0-a5a2-c96733a2caee,Ward,0f6ce7f5-e96c-4478-b6b0-4db497f36264
2332,Chari,65f41f27-099d-444f-892b-7b1bab24166e,Ward,299e2122-5ca8-438e-a229-18894c9613c7
2337,Cherab,65f41f27-099d-444f-892b-7b1bab24166e,Ward,867fd331-83b8-4998-ae5f-e0d2f6755300
2347,Ngare Mara,65f41f27-099d-444f-892b-7b1bab24166e,Ward,5c83e3fb-95b2-4735-bc4d-fab49087f38c
2353,Oldo/Nyiro,65f41f27-099d-444f-892b-7b1bab24166e,Ward,05144a89-2966-4afd-8f65-41beff1619d0
2360,Wabera,65f41f27-099d-444f-892b-7b1bab24166e,Ward,44c3c584-62f3-4228-9254-2877160defb0
2374,Isiolo South,1615de97-79e1-48f0-a981-66a15c0efe8c,Sub County,c08d6748-f925-4291-b643-1b1217f3d0b7
2375,Garba Tulla,c08d6748-f925-4291-b643-1b1217f3d0b7,Ward,00dc1d08-b211-4f38-8256-5461b748541b
2384,Kinna,c08d6748-f925-4291-b643-1b1217f3d0b7,Ward,f90b5693-6f5b-42f7-8c89-dd0d19e37f6b
2391,Sericho,c08d6748-f925-4291-b643-1b1217f3d0b7,Ward,698cd824-818f-48ea-8243-5f51628d8c89
2398,Gatundu North,8b6f9787-0aef-4512-8fd5-9a19ac3ed788,Sub County,fc79a191-4f0d-4f34-8f6e-976b0bcfd627
2399,Chania,fc79a191-4f0d-4f34-8f6e-976b0bcfd627,Ward,ec078200-e618-471d-af53-01a47579c7d0
2402,Githobokoni,fc79a191-4f0d-4f34-8f6e-976b0bcfd627,Ward,5cefad79-10e2-43a6-ba87-09e1f08d7eda
2411,Gituamba,fc79a191-4f0d-4f34-8f6e-976b0bcfd627,Ward,e07f6c24-f603-4b19-be58-9dbd5d0462aa
2416,Mang'u,fc79a191-4f0d-4f34-8f6e-976b0bcfd627,Ward,df8babfc-bb23-4b8e-aace-b351f81dca9f
2427,Gatundu South,8b6f9787-0aef-4512-8fd5-9a19ac3ed788,Sub County,8a9734ca-42a3-4253-880c-1c1db4bd95fc
2428,Kiamwangi,8a9734ca-42a3-4253-880c-1c1db4bd95fc,Ward,4e3e5345-8de4-4d6f-a5b0-23472dd6b3e4
2434,Kiganjo,8a9734ca-42a3-4253-880c-1c1db4bd95fc,Ward,e13960ab-5404-462e-b953-98fdacf52032
2443,Ndarugu,8a9734ca-42a3-4253-880c-1c1db4bd95fc,Ward,c16ec6f5-7f8d-4762-a4cf-cf0b1c5113da
2451,Ngenda,8a9734ca-42a3-4253-880c-1c1db4bd95fc,Ward,11e382b9-edda-4a84-a361-02596662198a
2461,Githunguri,8b6f9787-0aef-4512-8fd5-9a19ac3ed788,Sub County,bebb0f81-f2c7-4c62-a68e-e6b41c740f0e
2462,Githiga,bebb0f81-f2c7-4c62-a68e-e6b41c740f0e,Ward,25acecc6-0686-4684-a306-7624d95abc64
2467,Githunguri ward,bebb0f81-f2c7-4c62-a68e-e6b41c740f0e,Ward,9b273d9f-d9ba-4885-b444-0daf6a4fc5a8
2481,Ikinu,bebb0f81-f2c7-4c62-a68e-e6b41c740f0e,Ward,ded98706-da23-4f96-b500-bf7d27fe2857
2488,Komothai,bebb0f81-f2c7-4c62-a68e-e6b41c740f0e,Ward,b5485643-928a-44d1-9ec3-f4677c05fbd7
2499,Ngewa,bebb0f81-f2c7-4c62-a68e-e6b41c740f0e,Ward,3fb1d797-a349-4bf4-98a1-9c3c420df54d
2508,Juja,8b6f9787-0aef-4512-8fd5-9a19ac3ed788,Sub County,21d18f87-936f-4b1b-bc63-f7bc9c8b2f36
2509,Juja ward,21d18f87-936f-4b1b-bc63-f7bc9c8b2f36,Ward,d0d0d663-c7f4-4e8c-9ca9-6e44f138e4cf
2536,Kalimoni,21d18f87-936f-4b1b-bc63-f7bc9c8b2f36,Ward,f8f407fb-35fd-4368-9449-ed1dfa436be4
2555,Murera,21d18f87-936f-4b1b-bc63-f7bc9c8b2f36,Ward,4fb399d6-d47e-42a3-85cc-9c57e29025b7
2563,Theta,21d18f87-936f-4b1b-bc63-f7bc9c8b2f36,Ward,1fa6406e-d72a-4047-bc74-42ec8d07d2bd
2583,Witeithie,21d18f87-936f-4b1b-bc63-f7bc9c8b2f36,Ward,d4bb8e19-5d91-4cd7-9c53-698a74bd9aa5
2596,Kabete,8b6f9787-0aef-4512-8fd5-9a19ac3ed788,Sub County,3e6d1e68-adc9-4864-8076-38e0de992858
2597,Gitaru,3e6d1e68-adc9-4864-8076-38e0de992858,Ward,7f8699bf-58b3-4928-8960-6f528f03e2fe
2606,Kabete ward,3e6d1e68-adc9-4864-8076-38e0de992858,Ward,248af98b-712d-47a0-bf0e-3fbd1e856d49
2618,Muguga,3e6d1e68-adc9-4864-8076-38e0de992858,Ward,c12901e5-181f-443e-8981-ff07e87874f0
2628,Nyadhuna,3e6d1e68-adc9-4864-8076-38e0de992858,Ward,e6f90583-6855-4b2c-8439-4e382acf3212
2634,Uthiru,3e6d1e68-adc9-4864-8076-38e0de992858,Ward,6ed57413-349a-44c2-a222-d75ca810b6ca
2643,Kiambaa,8b6f9787-0aef-4512-8fd5-9a19ac3ed788,Sub County,745489f9-4fc2-46f2-87a5-3a62a970ca7a
2644,Cianda,745489f9-4fc2-46f2-87a5-3a62a970ca7a,Ward,0bc88a98-0097-46e9-b028-7c4991f1e072
2649,Karuri,745489f9-4fc2-46f2-87a5-3a62a970ca7a,Ward,e8531df5-c0d1-4e6e-abba-fb825ef1e668
2659,Kihara,745489f9-4fc2-46f2-87a5-3a62a970ca7a,Ward,eab22538-72ac-4799-a0eb-1c777203db1c
2666,Muchatha,745489f9-4fc2-46f2-87a5-3a62a970ca7a,Ward,7b2b123c-80f3-410b-beb3-2461e90b47e6
2672,Ndenderu,745489f9-4fc2-46f2-87a5-3a62a970ca7a,Ward,64676447-e1fa-4c18-97cc-dff143ac157e
2694,Kiambu sub county,8b6f9787-0aef-4512-8fd5-9a19ac3ed788,Sub County,17ec7094-39a1-47d0-a5a2-c96733a2caee
2695,Ndumberi,17ec7094-39a1-47d0-a5a2-c96733a2caee,Ward,f8869ae6-bc0f-4d90-91ae-f8aa5f7ca76a
2709,Riabai,17ec7094-39a1-47d0-a5a2-c96733a2caee,Ward,df29ad33-49fd-4ea9-a70d-f279bb798517
2725,Kikuyu,8b6f9787-0aef-4512-8fd5-9a19ac3ed788,Sub County,a0b5d841-2352-421a-845f-bceab26636e3
2726,Karai,a0b5d841-2352-421a-845f-bceab26636e3,Ward,bca8ad7e-3db6-4260-b80f-405d03055453
2733,Kikuyu ward,a0b5d841-2352-421a-845f-bceab26636e3,Ward,56362e86-6a8b-4547-b217-eee9f3ae9c9a
2748,Kinoo,a0b5d841-2352-421a-845f-bceab26636e3,Ward,757859a8-2319-4e4e-9fb8-c3d78089295d
2758,Nachu,a0b5d841-2352-421a-845f-bceab26636e3,Ward,8f5c36b1-526e-4f0c-bb8a-47d98fa1d568
2767,Sigona,a0b5d841-2352-421a-845f-bceab26636e3,Ward,72ccfbbf-0b13-4721-a574-9401f8e7873d
2778,Lari,8b6f9787-0aef-4512-8fd5-9a19ac3ed788,Sub County,3b602de5-9f95-43f8-b230-b17b804b505c
2779,Kamburu,3b602de5-9f95-43f8-b230-b17b804b505c,Ward,ce529794-001e-4135-8eb5-7f0cd094a0a1
2787,Kijabe,3b602de5-9f95-43f8-b230-b17b804b505c,Ward,ccb04769-5261-419b-8d4b-4c0fbb4534cc
2798,Kinale,3b602de5-9f95-43f8-b230-b17b804b505c,Ward,c61c1a91-0ff0-46a5-8691-27c814fefbae
2804,Lari/Kirenga,3b602de5-9f95-43f8-b230-b17b804b505c,Ward,669c0a3f-9111-45b6-bcef-1da54d45686c
2815,Nyanduma,3b602de5-9f95-43f8-b230-b17b804b505c,Ward,bf4f7556-2f7e-45b5-9055-9d131d44dbed
2825,Limuru,8b6f9787-0aef-4512-8fd5-9a19ac3ed788,Sub County,8b6bd954-8a6e-46a0-936a-25a83d77c526
2826,Bibirioni,8b6bd954-8a6e-46a0-936a-25a83d77c526,Ward,bc433da1-219f-4c4a-8ab3-03ca7bef99c7
2830,Limuru Central,8b6bd954-8a6e-46a0-936a-25a83d77c526,Ward,dbed1907-35c8-4518-9be7-31245ad79303
2847,Limuru East,8b6bd954-8a6e-46a0-936a-25a83d77c526,Ward,fccc0a44-e7d1-41db-afa4-dc2de6363b22
2858,Ndeiya,8b6bd954-8a6e-46a0-936a-25a83d77c526,Ward,c6d6e7b0-9301-4408-9160-e098fa35b556
2867,Ngecha Tigoni,8b6bd954-8a6e-46a0-936a-25a83d77c526,Ward,58e685a9-0296-4e59-b9b5-dd3f9547a24f
2878,Ruiru,8b6f9787-0aef-4512-8fd5-9a19ac3ed788,Sub County,d320709c-b435-4599-a352-0e45f798fd15
2879,Biashara,d320709c-b435-4599-a352-0e45f798fd15,Ward,c671d6e2-5003-4373-87d1-aa2fa6612089
2907,Gatongora,d320709c-b435-4599-a352-0e45f798fd15,Ward,b367bf7b-444e-448e-991b-3e5211be7021
2914,Gitothua,d320709c-b435-4599-a352-0e45f798fd15,Ward,860c2ce9-e413-4457-a774-d130653910f5
2927,Kahawa Wendani,d320709c-b435-4599-a352-0e45f798fd15,Ward,7a574324-bc21-41a7-8ba9-970bd0160482
2937,Kahawa/Sukari,d320709c-b435-4599-a352-0e45f798fd15,Ward,55ca0e29-6918-4b34-bbfc-1d3705f7d3ca
2943,Kiuu,d320709c-b435-4599-a352-0e45f798fd15,Ward,a02fe65c-3aa7-4fa9-b043-2997c35e9106
2963,Mwihoko,d320709c-b435-4599-a352-0e45f798fd15,Ward,f41e1604-5417-423d-a888-3a03c1e7ef98
2976,Mwiki,d320709c-b435-4599-a352-0e45f798fd15,Ward,6928b8a7-181f-4b74-bb53-3d3bf4af7bee
2987,Thika Town,8b6f9787-0aef-4512-8fd5-9a19ac3ed788,Sub County,7c1b7a54-3f80-4834-8832-c98c686039b7
2988,Gatuanyaga,7c1b7a54-3f80-4834-8832-c98c686039b7,Ward,b1013141-f192-404d-a16b-dbf7c3a39071
2993,Hospital,7c1b7a54-3f80-4834-8832-c98c686039b7,Ward,53c0e933-5eb7-4141-b5c5-3e821701aaec
3013,Kamenu,7c1b7a54-3f80-4834-8832-c98c686039b7,Ward,79111329-bac2-404a-a0f5-95bd96a1da32
3061,Ngoliba,7c1b7a54-3f80-4834-8832-c98c686039b7,Ward,6b172a39-08dc-422e-aaad-148af4fa4841
3068,Bomet Central,89864f79-8a5c-4203-a98f-83f92dd4ec5b,Sub County,f79fcbfc-e8d6-40bd-bf26-db50fb1caf16
3069,Chesoen,f79fcbfc-e8d6-40bd-bf26-db50fb1caf16,Ward,45362bad-9135-4f02-beb4-510a459bf563
3076,Mutarakwa,f79fcbfc-e8d6-40bd-bf26-db50fb1caf16,Ward,00de1e1e-fd4c-4d32-acb4-d0b1191f922b
3082,Ndaraweta,f79fcbfc-e8d6-40bd-bf26-db50fb1caf16,Ward,82ee845c-77db-4d5f-a103-21e9e78267d6
3089,Silibwet Township,f79fcbfc-e8d6-40bd-bf26-db50fb1caf16,Ward,9b1c16c4-7764-4740-a02e-24eec3ced615
3067,Bomet,,County,89864f79-8a5c-4203-a98f-83f92dd4ec5b
3107,Singorwet,f79fcbfc-e8d6-40bd-bf26-db50fb1caf16,Ward,8f328f44-b7af-46dc-ae05-c9d451a22fb8
3114,Bomet East,89864f79-8a5c-4203-a98f-83f92dd4ec5b,Sub County,74f0b9ce-fa42-48c7-9f7d-04474e8ddbf8
3115,Chemaner,74f0b9ce-fa42-48c7-9f7d-04474e8ddbf8,Ward,d509fe7e-4fde-4871-b517-b70a9278a9db
3120,Kembu,74f0b9ce-fa42-48c7-9f7d-04474e8ddbf8,Ward,40d8f1a3-4746-4e45-a4d5-73e0b599ce77
3126,Kipreres,74f0b9ce-fa42-48c7-9f7d-04474e8ddbf8,Ward,62aff0ac-9269-4617-8250-43cfed22961a
3133,Longisa,74f0b9ce-fa42-48c7-9f7d-04474e8ddbf8,Ward,cedabd68-2850-47d8-b3a9-f104544c0267
3139,Merigi,74f0b9ce-fa42-48c7-9f7d-04474e8ddbf8,Ward,1c783d60-72f1-40c3-bc53-d3e9ea45fff5
3144,Chepalungu,89864f79-8a5c-4203-a98f-83f92dd4ec5b,Sub County,a9136438-d28e-4a81-81ff-654ffb537c76
3145,Chebunyo,a9136438-d28e-4a81-81ff-654ffb537c76,Ward,509ac1ad-a6a1-4b03-af3f-65a71aa985c9
3156,Kong'asis,a9136438-d28e-4a81-81ff-654ffb537c76,Ward,033b3d8d-ce77-4d1e-af6b-a014cffcf97d
3164,Nyangores,a9136438-d28e-4a81-81ff-654ffb537c76,Ward,2f546772-5a43-454c-9bdc-999378c910b6
3174,Sigor,a9136438-d28e-4a81-81ff-654ffb537c76,Ward,1e17353c-e9b7-403d-871a-f946056f1ef3
3182,Siongiroi,a9136438-d28e-4a81-81ff-654ffb537c76,Ward,c002a2fe-6f32-4731-935a-1d60422ec1ad
3191,Konoin,89864f79-8a5c-4203-a98f-83f92dd4ec5b,Sub County,60c2e836-9769-4c06-b06f-d72884d94245
3192,Boito,60c2e836-9769-4c06-b06f-d72884d94245,Ward,c1c698c5-7aa3-47a0-a370-0101534babbf
3203,Chepchabas,60c2e836-9769-4c06-b06f-d72884d94245,Ward,eab69e27-806c-4934-a959-fd23b509c9d7
3217,Embomos,60c2e836-9769-4c06-b06f-d72884d94245,Ward,64e0e82c-536d-4137-8316-67aa9a36456d
3226,Kimulot,60c2e836-9769-4c06-b06f-d72884d94245,Ward,8ef7344e-d93d-4108-af32-747035f766f4
3232,Mogogosiek,60c2e836-9769-4c06-b06f-d72884d94245,Ward,18a3910d-970e-42de-8584-3a0dea01efe2
3237,Sotik,89864f79-8a5c-4203-a98f-83f92dd4ec5b,Sub County,226f5b95-7302-45fb-9540-87d9d087e539
3238,Chemagel,226f5b95-7302-45fb-9540-87d9d087e539,Ward,b1f6e247-f7de-46be-99d3-5e7408ae33af
3247,Kapletundo,226f5b95-7302-45fb-9540-87d9d087e539,Ward,1ddf11c5-5a5a-470b-b7d9-16c662f8c6c8
3257,Kipsonoi,226f5b95-7302-45fb-9540-87d9d087e539,Ward,4c4fc788-6ca6-42e7-b50e-be3fff8f6f14
3268,Ndanai/Abosi,226f5b95-7302-45fb-9540-87d9d087e539,Ward,de60252c-6bcb-4bcf-9873-d57679eff3ce
3280,Rongena/Manaret,226f5b95-7302-45fb-9540-87d9d087e539,Ward,b69c2f35-841b-486e-9e59-63087b88c7ac
1,Mombasa,,County,4da51ea4-d32c-4ac6-822a-ff2bdc1a79cd
626,Kakamega,,County,c92f86a2-8b5a-4f8e-a5f6-5abb0c584030
1037,Baringo,,County,c20a531a-e8de-4db0-86f8-aa1c06f2c129
1596,Garissa,,County,641c9403-002d-4619-860a-818709eff6ec
1928,Homa Bay,,County,37dec12a-d582-420a-999a-5726af5aaf3a
2310,Isiolo,,County,1615de97-79e1-48f0-a981-66a15c0efe8c
2397,Kiambu,,County,8b6f9787-0aef-4512-8fd5-9a19ac3ed788
